profesion,experiencia_laboral,habilidades_clave,formacion_académica,formato_recomendado,palabras_clave,consejos_adicionales
Técnico en Electrónica,Semi-senior,"Resolución de problemas, Creatividad, Trabajo en equipo",Licenciatura en Técnico en Electrónica,Cronológica,"Técnico, Éxito, Optimización",Resalta logros y experiencias relevantes en el área de Técnico en Electrónica.
Coach de Vida,Senior,"Trabajo en equipo, Adaptabilidad, Comunicación efectiva",Licenciatura en Coach de Vida,Funcional,"Coach, Éxito, Optimización",Resalta logros y experiencias relevantes en el área de Coach de Vida.
Consultor/a en RRHH,Senior,"Trabajo en equipo, Gestión del tiempo, Comunicación efectiva",Licenciatura en Consultor/a en RRHH,Funcional,"Consultor/a, Éxito, Optimización",Resalta logros y experiencias relevantes en el área de Consultor/a en RRHH.
Community Manager,Senior,"Liderazgo, Adaptabilidad, Gestión del tiempo",Licenciatura en Community Manager,Cronológica,"Community, Éxito, Optimización",Resalta logros y experiencias relevantes en el área de Community Manager.
Artista Digital,Junior,"Adaptabilidad, Liderazgo, Creatividad",Licenciatura en Artista Digital,Cronológica,"Artista, Éxito, Optimización",Resalta logros y experiencias relevantes en el área de Artista Digital.
Desarrollador Back-End,Senior,"Trabajo en equipo, Gestión del tiempo, Adaptabilidad",Licenciatura en Desarrollador Back-End,Funcional,"Desarrollador, Éxito, Optimización",Resalta logros y experiencias relevantes en el área de Desarrollador Back-End.
Fisioterapeuta,Junior,"Creatividad, Liderazgo, Adaptabilidad",Licenciatura en Fisioterapeuta,Funcional,"Fisioterapeuta, Éxito, Optimización",Resalta logros y experiencias relevantes en el área de Fisioterapeuta.
Desarrollador Back-End,Semi-senior,"Resolución de problemas, Trabajo en equipo, Creatividad",Licenciatura en Desarrollador Back-End,Mixta,"Desarrollador, Éxito, Optimización",Resalta logros y experiencias relevantes en el área de Desarrollador Back-End.
Especialista en Ciberseguridad,Senior,"Creatividad, Gestión del tiempo, Trabajo en equipo",Licenciatura en Especialista en Ciberseguridad,Funcional,"Especialista, Éxito, Optimización",Resalta logros y experiencias relevantes en el área de Especialista en Ciberseguridad.
Ingeniero/a de Redes,Junior,"Resolución de problemas, Creatividad, Adaptabilidad",Maestría en Ingeniero/a de Redes,Cronológica,"Ingeniero/a, Éxito, Optimización",Resalta logros y experiencias relevantes en el área de Ingeniero/a de Redes.
Médico General,Junior,"Resolución de problemas, Adaptabilidad, Gestión del tiempo",Licenciatura en Médico General,Cronológica,"Médico, Éxito, Optimización",Resalta logros y experiencias relevantes en el área de Médico General.
Consultor/a de Negocios,Junior,"Resolución de problemas, Comunicación efectiva, Liderazgo",Licenciatura en Consultor/a de Negocios,Mixta,"Consultor/a, Éxito, Optimización",Resalta logros y experiencias relevantes en el área de Consultor/a de Negocios.
Técnico en Electrónica,Junior,"Creatividad, Adaptabilidad, Comunicación efectiva",Licenciatura en Técnico en Electrónica,Cronológica,"Técnico, Éxito, Optimización",Resalta logros y experiencias relevantes en el área de Técnico en Electrónica.
Traductor/a,Senior,"Gestión del tiempo, Adaptabilidad, Resolución de problemas",Licenciatura en Traductor/a,Mixta,"Traductor/a, Éxito, Optimización",Resalta logros y experiencias relevantes en el área de Traductor/a.
Gestor de Proyectos,Semi-senior,"Creatividad, Comunicación efectiva, Resolución de problemas",Licenciatura en Gestor de Proyectos,Mixta,"Gestor, Éxito, Optimización",Resalta logros y experiencias relevantes en el área de Gestor de Proyectos.
Nutricionista,Semi-senior,"Adaptabilidad, Resolución de problemas, Comunicación efectiva",Licenciatura en Nutricionista,Funcional,"Nutricionista, Éxito, Optimización",Resalta logros y experiencias relevantes en el área de Nutricionista.
Médico General,Junior,"Trabajo en equipo, Creatividad, Resolución de problemas",Licenciatura en Médico General,Cronológica,"Médico, Éxito, Optimización",Resalta logros y experiencias relevantes en el área de Médico General.
Ingeniero Ambiental,Semi-senior,"Resolución de problemas, Adaptabilidad, Comunicación efectiva",Maestría en Ingeniero Ambiental,Funcional,"Ingeniero, Éxito, Optimización",Resalta logros y experiencias relevantes en el área de Ingeniero Ambiental.
Investigador/a de Mercado,Senior,"Comunicación efectiva, Trabajo en equipo, Adaptabilidad",Licenciatura en Investigador/a de Mercado,Mixta,"Investigador/a, Éxito, Optimización",Resalta logros y experiencias relevantes en el área de Investigador/a de Mercado.
Consultor/a de Negocios,Semi-senior,"Gestión del tiempo, Resolución de problemas, Creatividad",Licenciatura en Consultor/a de Negocios,Funcional,"Consultor/a, Éxito, Optimización",Resalta logros y experiencias relevantes en el área de Consultor/a de Negocios.
Especialista en Ciberseguridad,Semi-senior,"Creatividad, Liderazgo, Comunicación efectiva",Licenciatura en Especialista en Ciberseguridad,Funcional,"Especialista, Éxito, Optimización",Resalta logros y experiencias relevantes en el área de Especialista en Ciberseguridad.
Desarrollador Blockchain,Senior,"Creatividad, Trabajo en equipo, Adaptabilidad",Licenciatura en Desarrollador Blockchain,Cronológica,"Desarrollador, Éxito, Optimización",Resalta logros y experiencias relevantes en el área de Desarrollador Blockchain.
Controlador Aéreo,Senior,"Creatividad, Adaptabilidad, Gestión del tiempo",Licenciatura en Controlador Aéreo,Funcional,"Controlador, Éxito, Optimización",Resalta logros y experiencias relevantes en el área de Controlador Aéreo.
Editor de Contenidos,Senior,"Gestión del tiempo, Comunicación efectiva, Adaptabilidad",Licenciatura en Editor de Contenidos,Funcional,"Editor, Éxito, Optimización",Resalta logros y experiencias relevantes en el área de Editor de Contenidos.
Piloto Comercial,Senior,"Comunicación efectiva, Liderazgo, Creatividad",Licenciatura en Piloto Comercial,Mixta,"Piloto, Éxito, Optimización",Resalta logros y experiencias relevantes en el área de Piloto Comercial.
Especialista en Ciberseguridad,Semi-senior,"Creatividad, Comunicación efectiva, Gestión del tiempo",Licenciatura en Especialista en Ciberseguridad,Mixta,"Especialista, Éxito, Optimización",Resalta logros y experiencias relevantes en el área de Especialista en Ciberseguridad.
Investigador/a de Mercado,Senior,"Gestión del tiempo, Trabajo en equipo, Resolución de problemas",Licenciatura en Investigador/a de Mercado,Cronológica,"Investigador/a, Éxito, Optimización",Resalta logros y experiencias relevantes en el área de Investigador/a de Mercado.
Fisioterapeuta,Senior,"Resolución de problemas, Liderazgo, Creatividad",Licenciatura en Fisioterapeuta,Mixta,"Fisioterapeuta, Éxito, Optimización",Resalta logros y experiencias relevantes en el área de Fisioterapeuta.
Ingeniero de Software,Semi-senior,"Creatividad, Adaptabilidad, Trabajo en equipo",Maestría en Ingeniero de Software,Mixta,"Ingeniero, Éxito, Optimización",Resalta logros y experiencias relevantes en el área de Ingeniero de Software.
Periodista,Senior,"Gestión del tiempo, Creatividad, Resolución de problemas",Licenciatura en Periodista,Cronológica,"Periodista, Éxito, Optimización",Resalta logros y experiencias relevantes en el área de Periodista.
Gestor de Proyectos,Senior,"Liderazgo, Resolución de problemas, Gestión del tiempo",Licenciatura en Gestor de Proyectos,Cronológica,"Gestor, Éxito, Optimización",Resalta logros y experiencias relevantes en el área de Gestor de Proyectos.
Científico/a Investigador,Semi-senior,"Liderazgo, Trabajo en equipo, Resolución de problemas",Licenciatura en Científico/a Investigador,Funcional,"Científico/a, Éxito, Optimización",Resalta logros y experiencias relevantes en el área de Científico/a Investigador.
Especialista en Logística,Junior,"Adaptabilidad, Trabajo en equipo, Creatividad",Licenciatura en Especialista en Logística,Funcional,"Especialista, Éxito, Optimización",Resalta logros y experiencias relevantes en el área de Especialista en Logística.
Fotógrafo/a,Semi-senior,"Trabajo en equipo, Liderazgo, Comunicación efectiva",Licenciatura en Fotógrafo/a,Mixta,"Fotógrafo/a, Éxito, Optimización",Resalta logros y experiencias relevantes en el área de Fotógrafo/a.
Contador/a,Senior,"Adaptabilidad, Comunicación efectiva, Resolución de problemas",Licenciatura en Contador/a,Cronológica,"Contador/a, Éxito, Optimización",Resalta logros y experiencias relevantes en el área de Contador/a.
Biólogo/a,Senior,"Gestión del tiempo, Creatividad, Trabajo en equipo",Licenciatura en Biólogo/a,Mixta,"Biólogo/a, Éxito, Optimización",Resalta logros y experiencias relevantes en el área de Biólogo/a.
Fotógrafo/a,Junior,"Liderazgo, Comunicación efectiva, Creatividad",Licenciatura en Fotógrafo/a,Funcional,"Fotógrafo/a, Éxito, Optimización",Resalta logros y experiencias relevantes en el área de Fotógrafo/a.
Especialista en Ciberseguridad,Senior,"Creatividad, Liderazgo, Resolución de problemas",Licenciatura en Especialista en Ciberseguridad,Cronológica,"Especialista, Éxito, Optimización",Resalta logros y experiencias relevantes en el área de Especialista en Ciberseguridad.
Arquitecto,Semi-senior,"Liderazgo, Trabajo en equipo, Resolución de problemas",Licenciatura en Arquitecto,Cronológica,"Arquitecto, Éxito, Optimización",Resalta logros y experiencias relevantes en el área de Arquitecto.
Analista de Datos,Senior,"Trabajo en equipo, Adaptabilidad, Resolución de problemas",Licenciatura en Analista de Datos,Cronológica,"Analista, Éxito, Optimización",Resalta logros y experiencias relevantes en el área de Analista de Datos.
Desarrollador Front-End,Semi-senior,"Creatividad, Trabajo en equipo, Resolución de problemas",Licenciatura en Desarrollador Front-End,Mixta,"Desarrollador, Éxito, Optimización",Resalta logros y experiencias relevantes en el área de Desarrollador Front-End.
Científico de Datos,Junior,"Gestión del tiempo, Comunicación efectiva, Creatividad",Licenciatura en Científico de Datos,Mixta,"Científico, Éxito, Optimización",Resalta logros y experiencias relevantes en el área de Científico de Datos.
Analista de Datos,Junior,"Liderazgo, Adaptabilidad, Trabajo en equipo",Licenciatura en Analista de Datos,Mixta,"Analista, Éxito, Optimización",Resalta logros y experiencias relevantes en el área de Analista de Datos.
Biotecnólogo/a,Semi-senior,"Comunicación efectiva, Adaptabilidad, Trabajo en equipo",Licenciatura en Biotecnólogo/a,Funcional,"Biotecnólogo/a, Éxito, Optimización",Resalta logros y experiencias relevantes en el área de Biotecnólogo/a.
Artista Digital,Semi-senior,"Liderazgo, Trabajo en equipo, Adaptabilidad",Licenciatura en Artista Digital,Funcional,"Artista, Éxito, Optimización",Resalta logros y experiencias relevantes en el área de Artista Digital.
Chef,Senior,"Liderazgo, Creatividad, Trabajo en equipo",Licenciatura en Chef,Mixta,"Chef, Éxito, Optimización",Resalta logros y experiencias relevantes en el área de Chef.
Artista Digital,Semi-senior,"Resolución de problemas, Trabajo en equipo, Comunicación efectiva",Licenciatura en Artista Digital,Mixta,"Artista, Éxito, Optimización",Resalta logros y experiencias relevantes en el área de Artista Digital.
Ingeniero de Software,Semi-senior,"Gestión del tiempo, Trabajo en equipo, Creatividad",Maestría en Ingeniero de Software,Mixta,"Ingeniero, Éxito, Optimización",Resalta logros y experiencias relevantes en el área de Ingeniero de Software.
Enfermero/a,Semi-senior,"Resolución de problemas, Comunicación efectiva, Liderazgo",Licenciatura en Enfermero/a,Cronológica,"Enfermero/a, Éxito, Optimización",Resalta logros y experiencias relevantes en el área de Enfermero/a.
Arquitecto,Semi-senior,"Trabajo en equipo, Creatividad, Liderazgo",Licenciatura en Arquitecto,Mixta,"Arquitecto, Éxito, Optimización",Resalta logros y experiencias relevantes en el área de Arquitecto.
Periodista,Semi-senior,"Comunicación efectiva, Adaptabilidad, Resolución de problemas",Licenciatura en Periodista,Cronológica,"Periodista, Éxito, Optimización",Resalta logros y experiencias relevantes en el área de Periodista.
Nutricionista,Junior,"Trabajo en equipo, Liderazgo, Adaptabilidad",Licenciatura en Nutricionista,Cronológica,"Nutricionista, Éxito, Optimización",Resalta logros y experiencias relevantes en el área de Nutricionista.
Fotógrafo/a,Semi-senior,"Gestión del tiempo, Comunicación efectiva, Liderazgo",Licenciatura en Fotógrafo/a,Cronológica,"Fotógrafo/a, Éxito, Optimización",Resalta logros y experiencias relevantes en el área de Fotógrafo/a.
Coach de Vida,Junior,"Resolución de problemas, Gestión del tiempo, Comunicación efectiva",Licenciatura en Coach de Vida,Mixta,"Coach, Éxito, Optimización",Resalta logros y experiencias relevantes en el área de Coach de Vida.
Contador/a,Semi-senior,"Adaptabilidad, Resolución de problemas, Creatividad",Licenciatura en Contador/a,Mixta,"Contador/a, Éxito, Optimización",Resalta logros y experiencias relevantes en el área de Contador/a.
Analista de Datos,Senior,"Liderazgo, Gestión del tiempo, Trabajo en equipo",Licenciatura en Analista de Datos,Funcional,"Analista, Éxito, Optimización",Resalta logros y experiencias relevantes en el área de Analista de Datos.
Ingeniero Civil,Junior,"Gestión del tiempo, Resolución de problemas, Adaptabilidad",Maestría en Ingeniero Civil,Cronológica,"Ingeniero, Éxito, Optimización",Resalta logros y experiencias relevantes en el área de Ingeniero Civil.
Fisioterapeuta,Senior,"Trabajo en equipo, Resolución de problemas, Gestión del tiempo",Licenciatura en Fisioterapeuta,Funcional,"Fisioterapeuta, Éxito, Optimización",Resalta logros y experiencias relevantes en el área de Fisioterapeuta.
Científico de Datos,Senior,"Liderazgo, Adaptabilidad, Resolución de problemas",Licenciatura en Científico de Datos,Funcional,"Científico, Éxito, Optimización",Resalta logros y experiencias relevantes en el área de Científico de Datos.
Editor de Contenidos,Junior,"Resolución de problemas, Creatividad, Adaptabilidad",Licenciatura en Editor de Contenidos,Mixta,"Editor, Éxito, Optimización",Resalta logros y experiencias relevantes en el área de Editor de Contenidos.
Diseñador UX/UI,Junior,"Trabajo en equipo, Liderazgo, Resolución de problemas",Licenciatura en Diseñador UX/UI,Mixta,"Diseñador, Éxito, Optimización",Resalta logros y experiencias relevantes en el área de Diseñador UX/UI.
Redactor/a Técnico,Senior,"Trabajo en equipo, Resolución de problemas, Gestión del tiempo",Licenciatura en Redactor/a Técnico,Funcional,"Redactor/a, Éxito, Optimización",Resalta logros y experiencias relevantes en el área de Redactor/a Técnico.
Ingeniero Químico,Junior,"Comunicación efectiva, Resolución de problemas, Trabajo en equipo",Maestría en Ingeniero Químico,Funcional,"Ingeniero, Éxito, Optimización",Resalta logros y experiencias relevantes en el área de Ingeniero Químico.
Abogado,Semi-senior,"Liderazgo, Trabajo en equipo, Creatividad",Licenciatura en Abogado,Mixta,"Abogado, Éxito, Optimización",Resalta logros y experiencias relevantes en el área de Abogado.
Ingeniero/a de Redes,Junior,"Liderazgo, Resolución de problemas, Adaptabilidad",Maestría en Ingeniero/a de Redes,Cronológica,"Ingeniero/a, Éxito, Optimización",Resalta logros y experiencias relevantes en el área de Ingeniero/a de Redes.
Analista Financiero,Junior,"Resolución de problemas, Trabajo en equipo, Liderazgo",Licenciatura en Analista Financiero,Cronológica,"Analista, Éxito, Optimización",Resalta logros y experiencias relevantes en el área de Analista Financiero.
Piloto Comercial,Junior,"Resolución de problemas, Adaptabilidad, Trabajo en equipo",Licenciatura en Piloto Comercial,Cronológica,"Piloto, Éxito, Optimización",Resalta logros y experiencias relevantes en el área de Piloto Comercial.
Abogado,Semi-senior,"Trabajo en equipo, Creatividad, Gestión del tiempo",Licenciatura en Abogado,Mixta,"Abogado, Éxito, Optimización",Resalta logros y experiencias relevantes en el área de Abogado.
Traductor/a,Semi-senior,"Gestión del tiempo, Liderazgo, Resolución de problemas",Licenciatura en Traductor/a,Funcional,"Traductor/a, Éxito, Optimización",Resalta logros y experiencias relevantes en el área de Traductor/a.
Técnico en Electrónica,Semi-senior,"Trabajo en equipo, Creatividad, Adaptabilidad",Licenciatura en Técnico en Electrónica,Mixta,"Técnico, Éxito, Optimización",Resalta logros y experiencias relevantes en el área de Técnico en Electrónica.
Periodista,Semi-senior,"Comunicación efectiva, Gestión del tiempo, Creatividad",Licenciatura en Periodista,Mixta,"Periodista, Éxito, Optimización",Resalta logros y experiencias relevantes en el área de Periodista.
Farmacéutico/a,Senior,"Gestión del tiempo, Comunicación efectiva, Creatividad",Licenciatura en Farmacéutico/a,Cronológica,"Farmacéutico/a, Éxito, Optimización",Resalta logros y experiencias relevantes en el área de Farmacéutico/a.
Ingeniero Ambiental,Semi-senior,"Liderazgo, Trabajo en equipo, Comunicación efectiva",Maestría en Ingeniero Ambiental,Cronológica,"Ingeniero, Éxito, Optimización",Resalta logros y experiencias relevantes en el área de Ingeniero Ambiental.
Redactor/a Técnico,Junior,"Creatividad, Resolución de problemas, Liderazgo",Licenciatura en Redactor/a Técnico,Funcional,"Redactor/a, Éxito, Optimización",Resalta logros y experiencias relevantes en el área de Redactor/a Técnico.
Fotógrafo/a,Semi-senior,"Creatividad, Trabajo en equipo, Liderazgo",Licenciatura en Fotógrafo/a,Cronológica,"Fotógrafo/a, Éxito, Optimización",Resalta logros y experiencias relevantes en el área de Fotógrafo/a.
Enfermero/a,Senior,"Adaptabilidad, Gestión del tiempo, Resolución de problemas",Licenciatura en Enfermero/a,Funcional,"Enfermero/a, Éxito, Optimización",Resalta logros y experiencias relevantes en el área de Enfermero/a.
Analista Financiero,Junior,"Adaptabilidad, Comunicación efectiva, Trabajo en equipo",Licenciatura en Analista Financiero,Cronológica,"Analista, Éxito, Optimización",Resalta logros y experiencias relevantes en el área de Analista Financiero.
Biólogo/a,Semi-senior,"Resolución de problemas, Adaptabilidad, Trabajo en equipo",Licenciatura en Biólogo/a,Cronológica,"Biólogo/a, Éxito, Optimización",Resalta logros y experiencias relevantes en el área de Biólogo/a.
Analista de Datos,Junior,"Trabajo en equipo, Adaptabilidad, Comunicación efectiva",Licenciatura en Analista de Datos,Cronológica,"Analista, Éxito, Optimización",Resalta logros y experiencias relevantes en el área de Analista de Datos.
Community Manager,Semi-senior,"Trabajo en equipo, Adaptabilidad, Resolución de problemas",Licenciatura en Community Manager,Cronológica,"Community, Éxito, Optimización",Resalta logros y experiencias relevantes en el área de Community Manager.
Editor de Contenidos,Junior,"Creatividad, Trabajo en equipo, Adaptabilidad",Licenciatura en Editor de Contenidos,Cronológica,"Editor, Éxito, Optimización",Resalta logros y experiencias relevantes en el área de Editor de Contenidos.
Ingeniero Químico,Senior,"Adaptabilidad, Trabajo en equipo, Liderazgo",Maestría en Ingeniero Químico,Mixta,"Ingeniero, Éxito, Optimización",Resalta logros y experiencias relevantes en el área de Ingeniero Químico.
Desarrollador Blockchain,Junior,"Resolución de problemas, Comunicación efectiva, Creatividad",Licenciatura en Desarrollador Blockchain,Funcional,"Desarrollador, Éxito, Optimización",Resalta logros y experiencias relevantes en el área de Desarrollador Blockchain.
Biotecnólogo/a,Semi-senior,"Trabajo en equipo, Liderazgo, Gestión del tiempo",Licenciatura en Biotecnólogo/a,Funcional,"Biotecnólogo/a, Éxito, Optimización",Resalta logros y experiencias relevantes en el área de Biotecnólogo/a.
Community Manager,Junior,"Adaptabilidad, Resolución de problemas, Creatividad",Licenciatura en Community Manager,Cronológica,"Community, Éxito, Optimización",Resalta logros y experiencias relevantes en el área de Community Manager.
Diseñador Gráfico,Senior,"Gestión del tiempo, Comunicación efectiva, Trabajo en equipo",Licenciatura en Diseñador Gráfico,Funcional,"Diseñador, Éxito, Optimización",Resalta logros y experiencias relevantes en el área de Diseñador Gráfico.
Controlador Aéreo,Senior,"Gestión del tiempo, Comunicación efectiva, Liderazgo",Licenciatura en Controlador Aéreo,Mixta,"Controlador, Éxito, Optimización",Resalta logros y experiencias relevantes en el área de Controlador Aéreo.
Profesor de Idiomas,Junior,"Gestión del tiempo, Resolución de problemas, Adaptabilidad",Licenciatura en Profesor de Idiomas,Cronológica,"Profesor, Éxito, Optimización",Resalta logros y experiencias relevantes en el área de Profesor de Idiomas.
Entrenador/a Personal,Senior,"Gestión del tiempo, Comunicación efectiva, Adaptabilidad",Licenciatura en Entrenador/a Personal,Cronológica,"Entrenador/a, Éxito, Optimización",Resalta logros y experiencias relevantes en el área de Entrenador/a Personal.
Piloto Comercial,Junior,"Liderazgo, Comunicación efectiva, Trabajo en equipo",Licenciatura en Piloto Comercial,Funcional,"Piloto, Éxito, Optimización",Resalta logros y experiencias relevantes en el área de Piloto Comercial.
Piloto Comercial,Senior,"Resolución de problemas, Adaptabilidad, Gestión del tiempo",Licenciatura en Piloto Comercial,Mixta,"Piloto, Éxito, Optimización",Resalta logros y experiencias relevantes en el área de Piloto Comercial.
Biólogo/a,Junior,"Resolución de problemas, Comunicación efectiva, Gestión del tiempo",Licenciatura en Biólogo/a,Funcional,"Biólogo/a, Éxito, Optimización",Resalta logros y experiencias relevantes en el área de Biólogo/a.
Consultor/a de Negocios,Junior,"Creatividad, Trabajo en equipo, Adaptabilidad",Licenciatura en Consultor/a de Negocios,Funcional,"Consultor/a, Éxito, Optimización",Resalta logros y experiencias relevantes en el área de Consultor/a de Negocios.
Traductor/a,Semi-senior,"Gestión del tiempo, Adaptabilidad, Comunicación efectiva",Licenciatura en Traductor/a,Cronológica,"Traductor/a, Éxito, Optimización",Resalta logros y experiencias relevantes en el área de Traductor/a.
Abogado,Senior,"Gestión del tiempo, Liderazgo, Creatividad",Licenciatura en Abogado,Funcional,"Abogado, Éxito, Optimización",Resalta logros y experiencias relevantes en el área de Abogado.
Ingeniero/a de Redes,Senior,"Trabajo en equipo, Gestión del tiempo, Adaptabilidad",Maestría en Ingeniero/a de Redes,Cronológica,"Ingeniero/a, Éxito, Optimización",Resalta logros y experiencias relevantes en el área de Ingeniero/a de Redes.
Ingeniero/a de Redes,Senior,"Creatividad, Gestión del tiempo, Resolución de problemas",Maestría en Ingeniero/a de Redes,Mixta,"Ingeniero/a, Éxito, Optimización",Resalta logros y experiencias relevantes en el área de Ingeniero/a de Redes.
Científico de Datos,Senior,"Liderazgo, Trabajo en equipo, Resolución de problemas",Licenciatura en Científico de Datos,Funcional,"Científico, Éxito, Optimización",Resalta logros y experiencias relevantes en el área de Científico de Datos.
Piloto Comercial,Junior,"Trabajo en equipo, Comunicación efectiva, Gestión del tiempo",Licenciatura en Piloto Comercial,Funcional,"Piloto, Éxito, Optimización",Resalta logros y experiencias relevantes en el área de Piloto Comercial.
Especialista en Logística,Semi-senior,"Adaptabilidad, Liderazgo, Gestión del tiempo",Licenciatura en Especialista en Logística,Mixta,"Especialista, Éxito, Optimización",Resalta logros y experiencias relevantes en el área de Especialista en Logística.
Entrenador/a Personal,Semi-senior,"Creatividad, Adaptabilidad, Trabajo en equipo",Licenciatura en Entrenador/a Personal,Mixta,"Entrenador/a, Éxito, Optimización",Resalta logros y experiencias relevantes en el área de Entrenador/a Personal.
Ingeniero de Software,Junior,"Resolución de problemas, Liderazgo, Trabajo en equipo",Maestría en Ingeniero de Software,Funcional,"Ingeniero, Éxito, Optimización",Resalta logros y experiencias relevantes en el área de Ingeniero de Software.
Diseñador UX/UI,Senior,"Liderazgo, Adaptabilidad, Creatividad",Licenciatura en Diseñador UX/UI,Cronológica,"Diseñador, Éxito, Optimización",Resalta logros y experiencias relevantes en el área de Diseñador UX/UI.
Desarrollador/a de Juegos,Junior,"Liderazgo, Resolución de problemas, Comunicación efectiva",Licenciatura en Desarrollador/a de Juegos,Funcional,"Desarrollador/a, Éxito, Optimización",Resalta logros y experiencias relevantes en el área de Desarrollador/a de Juegos.
Desarrollador Front-End,Junior,"Comunicación efectiva, Resolución de problemas, Liderazgo",Licenciatura en Desarrollador Front-End,Mixta,"Desarrollador, Éxito, Optimización",Resalta logros y experiencias relevantes en el área de Desarrollador Front-End.
Desarrollador/a de Juegos,Senior,"Trabajo en equipo, Creatividad, Comunicación efectiva",Licenciatura en Desarrollador/a de Juegos,Mixta,"Desarrollador/a, Éxito, Optimización",Resalta logros y experiencias relevantes en el área de Desarrollador/a de Juegos.
Editor de Contenidos,Senior,"Gestión del tiempo, Creatividad, Adaptabilidad",Licenciatura en Editor de Contenidos,Cronológica,"Editor, Éxito, Optimización",Resalta logros y experiencias relevantes en el área de Editor de Contenidos.
Ingeniero Ambiental,Junior,"Liderazgo, Comunicación efectiva, Gestión del tiempo",Maestría en Ingeniero Ambiental,Cronológica,"Ingeniero, Éxito, Optimización",Resalta logros y experiencias relevantes en el área de Ingeniero Ambiental.
Diseñador UX/UI,Senior,"Adaptabilidad, Creatividad, Trabajo en equipo",Licenciatura en Diseñador UX/UI,Cronológica,"Diseñador, Éxito, Optimización",Resalta logros y experiencias relevantes en el área de Diseñador UX/UI.
Ingeniero/a de Redes,Senior,"Comunicación efectiva, Liderazgo, Resolución de problemas",Maestría en Ingeniero/a de Redes,Funcional,"Ingeniero/a, Éxito, Optimización",Resalta logros y experiencias relevantes en el área de Ingeniero/a de Redes.
Enfermero/a,Junior,"Liderazgo, Trabajo en equipo, Comunicación efectiva",Licenciatura en Enfermero/a,Cronológica,"Enfermero/a, Éxito, Optimización",Resalta logros y experiencias relevantes en el área de Enfermero/a.
Abogado,Junior,"Resolución de problemas, Liderazgo, Adaptabilidad",Licenciatura en Abogado,Cronológica,"Abogado, Éxito, Optimización",Resalta logros y experiencias relevantes en el área de Abogado.
Chef,Senior,"Liderazgo, Resolución de problemas, Trabajo en equipo",Licenciatura en Chef,Mixta,"Chef, Éxito, Optimización",Resalta logros y experiencias relevantes en el área de Chef.
Diseñador Gráfico,Senior,"Comunicación efectiva, Gestión del tiempo, Creatividad",Licenciatura en Diseñador Gráfico,Cronológica,"Diseñador, Éxito, Optimización",Resalta logros y experiencias relevantes en el área de Diseñador Gráfico.
Técnico en Electrónica,Junior,"Gestión del tiempo, Resolución de problemas, Comunicación efectiva",Licenciatura en Técnico en Electrónica,Funcional,"Técnico, Éxito, Optimización",Resalta logros y experiencias relevantes en el área de Técnico en Electrónica.
Traductor/a,Semi-senior,"Trabajo en equipo, Liderazgo, Comunicación efectiva",Licenciatura en Traductor/a,Cronológica,"Traductor/a, Éxito, Optimización",Resalta logros y experiencias relevantes en el área de Traductor/a.
Enfermero/a,Senior,"Gestión del tiempo, Resolución de problemas, Creatividad",Licenciatura en Enfermero/a,Mixta,"Enfermero/a, Éxito, Optimización",Resalta logros y experiencias relevantes en el área de Enfermero/a.
Gestor/a de Calidad,Junior,"Liderazgo, Trabajo en equipo, Adaptabilidad",Licenciatura en Gestor/a de Calidad,Cronológica,"Gestor/a, Éxito, Optimización",Resalta logros y experiencias relevantes en el área de Gestor/a de Calidad.
Ingeniero/a de Redes,Semi-senior,"Comunicación efectiva, Gestión del tiempo, Adaptabilidad",Maestría en Ingeniero/a de Redes,Mixta,"Ingeniero/a, Éxito, Optimización",Resalta logros y experiencias relevantes en el área de Ingeniero/a de Redes.
Abogado,Senior,"Resolución de problemas, Creatividad, Adaptabilidad",Licenciatura en Abogado,Funcional,"Abogado, Éxito, Optimización",Resalta logros y experiencias relevantes en el área de Abogado.
Ingeniero de Software,Semi-senior,"Creatividad, Resolución de problemas, Comunicación efectiva",Maestría en Ingeniero de Software,Funcional,"Ingeniero, Éxito, Optimización",Resalta logros y experiencias relevantes en el área de Ingeniero de Software.
Profesor de Idiomas,Senior,"Trabajo en equipo, Liderazgo, Comunicación efectiva",Licenciatura en Profesor de Idiomas,Cronológica,"Profesor, Éxito, Optimización",Resalta logros y experiencias relevantes en el área de Profesor de Idiomas.
Técnico en Electrónica,Semi-senior,"Comunicación efectiva, Resolución de problemas, Trabajo en equipo",Licenciatura en Técnico en Electrónica,Mixta,"Técnico, Éxito, Optimización",Resalta logros y experiencias relevantes en el área de Técnico en Electrónica.
Ingeniero Civil,Senior,"Comunicación efectiva, Trabajo en equipo, Resolución de problemas",Maestría en Ingeniero Civil,Funcional,"Ingeniero, Éxito, Optimización",Resalta logros y experiencias relevantes en el área de Ingeniero Civil.
Chef,Senior,"Trabajo en equipo, Adaptabilidad, Resolución de problemas",Licenciatura en Chef,Funcional,"Chef, Éxito, Optimización",Resalta logros y experiencias relevantes en el área de Chef.
Ingeniero de Software,Senior,"Comunicación efectiva, Adaptabilidad, Gestión del tiempo",Maestría en Ingeniero de Software,Mixta,"Ingeniero, Éxito, Optimización",Resalta logros y experiencias relevantes en el área de Ingeniero de Software.
Biotecnólogo/a,Junior,"Gestión del tiempo, Adaptabilidad, Liderazgo",Licenciatura en Biotecnólogo/a,Cronológica,"Biotecnólogo/a, Éxito, Optimización",Resalta logros y experiencias relevantes en el área de Biotecnólogo/a.
Redactor/a Técnico,Senior,"Trabajo en equipo, Comunicación efectiva, Resolución de problemas",Licenciatura en Redactor/a Técnico,Cronológica,"Redactor/a, Éxito, Optimización",Resalta logros y experiencias relevantes en el área de Redactor/a Técnico.
Nutricionista,Senior,"Trabajo en equipo, Comunicación efectiva, Liderazgo",Licenciatura en Nutricionista,Cronológica,"Nutricionista, Éxito, Optimización",Resalta logros y experiencias relevantes en el área de Nutricionista.
Editor de Contenidos,Junior,"Creatividad, Liderazgo, Gestión del tiempo",Licenciatura en Editor de Contenidos,Mixta,"Editor, Éxito, Optimización",Resalta logros y experiencias relevantes en el área de Editor de Contenidos.
Especialista en Marketing Digital,Junior,"Resolución de problemas, Comunicación efectiva, Creatividad",Licenciatura en Especialista en Marketing Digital,Mixta,"Especialista, Éxito, Optimización",Resalta logros y experiencias relevantes en el área de Especialista en Marketing Digital.
Desarrollador Blockchain,Junior,"Gestión del tiempo, Creatividad, Adaptabilidad",Licenciatura en Desarrollador Blockchain,Funcional,"Desarrollador, Éxito, Optimización",Resalta logros y experiencias relevantes en el área de Desarrollador Blockchain.
Investigador/a de Mercado,Semi-senior,"Comunicación efectiva, Gestión del tiempo, Trabajo en equipo",Licenciatura en Investigador/a de Mercado,Cronológica,"Investigador/a, Éxito, Optimización",Resalta logros y experiencias relevantes en el área de Investigador/a de Mercado.
Especialista en Logística,Semi-senior,"Liderazgo, Trabajo en equipo, Adaptabilidad",Licenciatura en Especialista en Logística,Mixta,"Especialista, Éxito, Optimización",Resalta logros y experiencias relevantes en el área de Especialista en Logística.
Ingeniero Químico,Semi-senior,"Adaptabilidad, Trabajo en equipo, Creatividad",Maestría en Ingeniero Químico,Mixta,"Ingeniero, Éxito, Optimización",Resalta logros y experiencias relevantes en el área de Ingeniero Químico.
Coach de Vida,Junior,"Gestión del tiempo, Creatividad, Adaptabilidad",Licenciatura en Coach de Vida,Mixta,"Coach, Éxito, Optimización",Resalta logros y experiencias relevantes en el área de Coach de Vida.
Periodista,Senior,"Comunicación efectiva, Adaptabilidad, Liderazgo",Licenciatura en Periodista,Mixta,"Periodista, Éxito, Optimización",Resalta logros y experiencias relevantes en el área de Periodista.
Periodista,Semi-senior,"Trabajo en equipo, Creatividad, Adaptabilidad",Licenciatura en Periodista,Cronológica,"Periodista, Éxito, Optimización",Resalta logros y experiencias relevantes en el área de Periodista.
Traductor/a,Senior,"Adaptabilidad, Gestión del tiempo, Creatividad",Licenciatura en Traductor/a,Funcional,"Traductor/a, Éxito, Optimización",Resalta logros y experiencias relevantes en el área de Traductor/a.
Fisioterapeuta,Semi-senior,"Comunicación efectiva, Creatividad, Adaptabilidad",Licenciatura en Fisioterapeuta,Mixta,"Fisioterapeuta, Éxito, Optimización",Resalta logros y experiencias relevantes en el área de Fisioterapeuta.
Técnico en Electrónica,Junior,"Trabajo en equipo, Adaptabilidad, Liderazgo",Licenciatura en Técnico en Electrónica,Cronológica,"Técnico, Éxito, Optimización",Resalta logros y experiencias relevantes en el área de Técnico en Electrónica.
Especialista en Marketing Digital,Semi-senior,"Gestión del tiempo, Trabajo en equipo, Liderazgo",Licenciatura en Especialista en Marketing Digital,Cronológica,"Especialista, Éxito, Optimización",Resalta logros y experiencias relevantes en el área de Especialista en Marketing Digital.
Analista Financiero,Semi-senior,"Adaptabilidad, Creatividad, Trabajo en equipo",Licenciatura en Analista Financiero,Cronológica,"Analista, Éxito, Optimización",Resalta logros y experiencias relevantes en el área de Analista Financiero.
Coach de Vida,Junior,"Comunicación efectiva, Trabajo en equipo, Gestión del tiempo",Licenciatura en Coach de Vida,Funcional,"Coach, Éxito, Optimización",Resalta logros y experiencias relevantes en el área de Coach de Vida.
Fotógrafo/a,Junior,"Comunicación efectiva, Creatividad, Gestión del tiempo",Licenciatura en Fotógrafo/a,Funcional,"Fotógrafo/a, Éxito, Optimización",Resalta logros y experiencias relevantes en el área de Fotógrafo/a.
Controlador Aéreo,Junior,"Adaptabilidad, Liderazgo, Resolución de problemas",Licenciatura en Controlador Aéreo,Mixta,"Controlador, Éxito, Optimización",Resalta logros y experiencias relevantes en el área de Controlador Aéreo.
Desarrollador Back-End,Senior,"Trabajo en equipo, Creatividad, Resolución de problemas",Licenciatura en Desarrollador Back-End,Funcional,"Desarrollador, Éxito, Optimización",Resalta logros y experiencias relevantes en el área de Desarrollador Back-End.
Farmacéutico/a,Junior,"Adaptabilidad, Gestión del tiempo, Creatividad",Licenciatura en Farmacéutico/a,Cronológica,"Farmacéutico/a, Éxito, Optimización",Resalta logros y experiencias relevantes en el área de Farmacéutico/a.
Controlador Aéreo,Semi-senior,"Resolución de problemas, Gestión del tiempo, Trabajo en equipo",Licenciatura en Controlador Aéreo,Funcional,"Controlador, Éxito, Optimización",Resalta logros y experiencias relevantes en el área de Controlador Aéreo.
Ingeniero Químico,Junior,"Resolución de problemas, Adaptabilidad, Trabajo en equipo",Maestría en Ingeniero Químico,Funcional,"Ingeniero, Éxito, Optimización",Resalta logros y experiencias relevantes en el área de Ingeniero Químico.
Ingeniero de Software,Junior,"Resolución de problemas, Liderazgo, Creatividad",Maestría en Ingeniero de Software,Mixta,"Ingeniero, Éxito, Optimización",Resalta logros y experiencias relevantes en el área de Ingeniero de Software.
Consultor/a de Negocios,Junior,"Gestión del tiempo, Liderazgo, Trabajo en equipo",Licenciatura en Consultor/a de Negocios,Mixta,"Consultor/a, Éxito, Optimización",Resalta logros y experiencias relevantes en el área de Consultor/a de Negocios.
Analista de Datos,Semi-senior,"Comunicación efectiva, Gestión del tiempo, Liderazgo",Licenciatura en Analista de Datos,Cronológica,"Analista, Éxito, Optimización",Resalta logros y experiencias relevantes en el área de Analista de Datos.
Editor de Contenidos,Semi-senior,"Trabajo en equipo, Liderazgo, Gestión del tiempo",Licenciatura en Editor de Contenidos,Funcional,"Editor, Éxito, Optimización",Resalta logros y experiencias relevantes en el área de Editor de Contenidos.
Piloto Comercial,Semi-senior,"Creatividad, Liderazgo, Adaptabilidad",Licenciatura en Piloto Comercial,Cronológica,"Piloto, Éxito, Optimización",Resalta logros y experiencias relevantes en el área de Piloto Comercial.
Redactor/a Técnico,Senior,"Comunicación efectiva, Trabajo en equipo, Resolución de problemas",Licenciatura en Redactor/a Técnico,Funcional,"Redactor/a, Éxito, Optimización",Resalta logros y experiencias relevantes en el área de Redactor/a Técnico.
Biotecnólogo/a,Junior,"Trabajo en equipo, Gestión del tiempo, Adaptabilidad",Licenciatura en Biotecnólogo/a,Funcional,"Biotecnólogo/a, Éxito, Optimización",Resalta logros y experiencias relevantes en el área de Biotecnólogo/a.
Gestor/a de Calidad,Junior,"Gestión del tiempo, Comunicación efectiva, Adaptabilidad",Licenciatura en Gestor/a de Calidad,Funcional,"Gestor/a, Éxito, Optimización",Resalta logros y experiencias relevantes en el área de Gestor/a de Calidad.
Desarrollador/a de Juegos,Senior,"Trabajo en equipo, Gestión del tiempo, Comunicación efectiva",Licenciatura en Desarrollador/a de Juegos,Funcional,"Desarrollador/a, Éxito, Optimización",Resalta logros y experiencias relevantes en el área de Desarrollador/a de Juegos.
Especialista en Logística,Semi-senior,"Gestión del tiempo, Adaptabilidad, Comunicación efectiva",Licenciatura en Especialista en Logística,Mixta,"Especialista, Éxito, Optimización",Resalta logros y experiencias relevantes en el área de Especialista en Logística.
Diseñador UX/UI,Senior,"Resolución de problemas, Trabajo en equipo, Adaptabilidad",Licenciatura en Diseñador UX/UI,Mixta,"Diseñador, Éxito, Optimización",Resalta logros y experiencias relevantes en el área de Diseñador UX/UI.
Psicólogo/a,Senior,"Liderazgo, Trabajo en equipo, Adaptabilidad",Licenciatura en Psicólogo/a,Cronológica,"Psicólogo/a, Éxito, Optimización",Resalta logros y experiencias relevantes en el área de Psicólogo/a.
Redactor/a Técnico,Senior,"Trabajo en equipo, Creatividad, Comunicación efectiva",Licenciatura en Redactor/a Técnico,Cronológica,"Redactor/a, Éxito, Optimización",Resalta logros y experiencias relevantes en el área de Redactor/a Técnico.
Farmacéutico/a,Junior,"Adaptabilidad, Gestión del tiempo, Trabajo en equipo",Licenciatura en Farmacéutico/a,Funcional,"Farmacéutico/a, Éxito, Optimización",Resalta logros y experiencias relevantes en el área de Farmacéutico/a.
Ingeniero de Software,Semi-senior,"Creatividad, Resolución de problemas, Trabajo en equipo",Maestría en Ingeniero de Software,Mixta,"Ingeniero, Éxito, Optimización",Resalta logros y experiencias relevantes en el área de Ingeniero de Software.
Desarrollador Front-End,Semi-senior,"Resolución de problemas, Gestión del tiempo, Trabajo en equipo",Licenciatura en Desarrollador Front-End,Cronológica,"Desarrollador, Éxito, Optimización",Resalta logros y experiencias relevantes en el área de Desarrollador Front-End.
Abogado,Junior,"Gestión del tiempo, Comunicación efectiva, Creatividad",Licenciatura en Abogado,Cronológica,"Abogado, Éxito, Optimización",Resalta logros y experiencias relevantes en el área de Abogado.
Periodista,Junior,"Resolución de problemas, Liderazgo, Gestión del tiempo",Licenciatura en Periodista,Funcional,"Periodista, Éxito, Optimización",Resalta logros y experiencias relevantes en el área de Periodista.
Traductor/a,Semi-senior,"Adaptabilidad, Creatividad, Resolución de problemas",Licenciatura en Traductor/a,Funcional,"Traductor/a, Éxito, Optimización",Resalta logros y experiencias relevantes en el área de Traductor/a.
Desarrollador Blockchain,Semi-senior,"Resolución de problemas, Comunicación efectiva, Gestión del tiempo",Licenciatura en Desarrollador Blockchain,Mixta,"Desarrollador, Éxito, Optimización",Resalta logros y experiencias relevantes en el área de Desarrollador Blockchain.
Piloto Comercial,Junior,"Creatividad, Gestión del tiempo, Liderazgo",Licenciatura en Piloto Comercial,Mixta,"Piloto, Éxito, Optimización",Resalta logros y experiencias relevantes en el área de Piloto Comercial.
Traductor/a,Senior,"Gestión del tiempo, Adaptabilidad, Resolución de problemas",Licenciatura en Traductor/a,Cronológica,"Traductor/a, Éxito, Optimización",Resalta logros y experiencias relevantes en el área de Traductor/a.
Diseñador UX/UI,Semi-senior,"Gestión del tiempo, Resolución de problemas, Comunicación efectiva",Licenciatura en Diseñador UX/UI,Mixta,"Diseñador, Éxito, Optimización",Resalta logros y experiencias relevantes en el área de Diseñador UX/UI.
Coach de Vida,Senior,"Creatividad, Liderazgo, Adaptabilidad",Licenciatura en Coach de Vida,Mixta,"Coach, Éxito, Optimización",Resalta logros y experiencias relevantes en el área de Coach de Vida.
Controlador Aéreo,Senior,"Adaptabilidad, Liderazgo, Creatividad",Licenciatura en Controlador Aéreo,Funcional,"Controlador, Éxito, Optimización",Resalta logros y experiencias relevantes en el área de Controlador Aéreo.
Community Manager,Senior,"Comunicación efectiva, Liderazgo, Resolución de problemas",Licenciatura en Community Manager,Mixta,"Community, Éxito, Optimización",Resalta logros y experiencias relevantes en el área de Community Manager.
Coach de Vida,Junior,"Creatividad, Comunicación efectiva, Liderazgo",Licenciatura en Coach de Vida,Mixta,"Coach, Éxito, Optimización",Resalta logros y experiencias relevantes en el área de Coach de Vida.
Fisioterapeuta,Junior,"Creatividad, Gestión del tiempo, Trabajo en equipo",Licenciatura en Fisioterapeuta,Funcional,"Fisioterapeuta, Éxito, Optimización",Resalta logros y experiencias relevantes en el área de Fisioterapeuta.
Nutricionista,Junior,"Comunicación efectiva, Gestión del tiempo, Creatividad",Licenciatura en Nutricionista,Mixta,"Nutricionista, Éxito, Optimización",Resalta logros y experiencias relevantes en el área de Nutricionista.
Fotógrafo/a,Senior,"Gestión del tiempo, Trabajo en equipo, Liderazgo",Licenciatura en Fotógrafo/a,Funcional,"Fotógrafo/a, Éxito, Optimización",Resalta logros y experiencias relevantes en el área de Fotógrafo/a.
Coach de Vida,Semi-senior,"Comunicación efectiva, Resolución de problemas, Liderazgo",Licenciatura en Coach de Vida,Mixta,"Coach, Éxito, Optimización",Resalta logros y experiencias relevantes en el área de Coach de Vida.
Entrenador/a Personal,Senior,"Liderazgo, Gestión del tiempo, Creatividad",Licenciatura en Entrenador/a Personal,Mixta,"Entrenador/a, Éxito, Optimización",Resalta logros y experiencias relevantes en el área de Entrenador/a Personal.
Gestor/a de Calidad,Senior,"Liderazgo, Resolución de problemas, Gestión del tiempo",Licenciatura en Gestor/a de Calidad,Funcional,"Gestor/a, Éxito, Optimización",Resalta logros y experiencias relevantes en el área de Gestor/a de Calidad.
Fotógrafo/a,Semi-senior,"Resolución de problemas, Creatividad, Comunicación efectiva",Licenciatura en Fotógrafo/a,Cronológica,"Fotógrafo/a, Éxito, Optimización",Resalta logros y experiencias relevantes en el área de Fotógrafo/a.
Farmacéutico/a,Semi-senior,"Comunicación efectiva, Resolución de problemas, Trabajo en equipo",Licenciatura en Farmacéutico/a,Mixta,"Farmacéutico/a, Éxito, Optimización",Resalta logros y experiencias relevantes en el área de Farmacéutico/a.
Nutricionista,Senior,"Liderazgo, Creatividad, Comunicación efectiva",Licenciatura en Nutricionista,Funcional,"Nutricionista, Éxito, Optimización",Resalta logros y experiencias relevantes en el área de Nutricionista.
Ingeniero Ambiental,Junior,"Liderazgo, Gestión del tiempo, Comunicación efectiva",Maestría en Ingeniero Ambiental,Mixta,"Ingeniero, Éxito, Optimización",Resalta logros y experiencias relevantes en el área de Ingeniero Ambiental.
Ingeniero Ambiental,Senior,"Comunicación efectiva, Resolución de problemas, Trabajo en equipo",Maestría en Ingeniero Ambiental,Cronológica,"Ingeniero, Éxito, Optimización",Resalta logros y experiencias relevantes en el área de Ingeniero Ambiental.
Especialista en Ciberseguridad,Semi-senior,"Gestión del tiempo, Liderazgo, Trabajo en equipo",Licenciatura en Especialista en Ciberseguridad,Cronológica,"Especialista, Éxito, Optimización",Resalta logros y experiencias relevantes en el área de Especialista en Ciberseguridad.
Investigador/a de Mercado,Senior,"Liderazgo, Gestión del tiempo, Adaptabilidad",Licenciatura en Investigador/a de Mercado,Cronológica,"Investigador/a, Éxito, Optimización",Resalta logros y experiencias relevantes en el área de Investigador/a de Mercado.
Gestor/a de Calidad,Junior,"Liderazgo, Creatividad, Resolución de problemas",Licenciatura en Gestor/a de Calidad,Mixta,"Gestor/a, Éxito, Optimización",Resalta logros y experiencias relevantes en el área de Gestor/a de Calidad.
Científico de Datos,Semi-senior,"Adaptabilidad, Gestión del tiempo, Resolución de problemas",Licenciatura en Científico de Datos,Funcional,"Científico, Éxito, Optimización",Resalta logros y experiencias relevantes en el área de Científico de Datos.
Especialista en Ciberseguridad,Senior,"Liderazgo, Creatividad, Gestión del tiempo",Licenciatura en Especialista en Ciberseguridad,Mixta,"Especialista, Éxito, Optimización",Resalta logros y experiencias relevantes en el área de Especialista en Ciberseguridad.
Contador/a,Senior,"Adaptabilidad, Liderazgo, Creatividad",Licenciatura en Contador/a,Mixta,"Contador/a, Éxito, Optimización",Resalta logros y experiencias relevantes en el área de Contador/a.
Biotecnólogo/a,Semi-senior,"Resolución de problemas, Adaptabilidad, Creatividad",Licenciatura en Biotecnólogo/a,Mixta,"Biotecnólogo/a, Éxito, Optimización",Resalta logros y experiencias relevantes en el área de Biotecnólogo/a.
Farmacéutico/a,Semi-senior,"Adaptabilidad, Comunicación efectiva, Liderazgo",Licenciatura en Farmacéutico/a,Mixta,"Farmacéutico/a, Éxito, Optimización",Resalta logros y experiencias relevantes en el área de Farmacéutico/a.
Chef,Junior,"Comunicación efectiva, Resolución de problemas, Liderazgo",Licenciatura en Chef,Mixta,"Chef, Éxito, Optimización",Resalta logros y experiencias relevantes en el área de Chef.
Enfermero/a,Semi-senior,"Comunicación efectiva, Liderazgo, Adaptabilidad",Licenciatura en Enfermero/a,Funcional,"Enfermero/a, Éxito, Optimización",Resalta logros y experiencias relevantes en el área de Enfermero/a.
Community Manager,Semi-senior,"Resolución de problemas, Liderazgo, Trabajo en equipo",Licenciatura en Community Manager,Cronológica,"Community, Éxito, Optimización",Resalta logros y experiencias relevantes en el área de Community Manager.
Periodista,Junior,"Liderazgo, Adaptabilidad, Comunicación efectiva",Licenciatura en Periodista,Cronológica,"Periodista, Éxito, Optimización",Resalta logros y experiencias relevantes en el área de Periodista.
